,season,title,episode_number,episode_name,date,length,url
0,1,"DRŽAVNI POSAO [HQ] - Novogodišnji specijal, 1.deo (31.12.2012.)",,,31.12.2012.,7:06,https://www.youtube.com/watch?v=8WHXAN-KXwo
1,1,"DRŽAVNI POSAO [HQ] - Novogodišnji specijal, 2.deo (31.12.2012.)",,,31.12.2012.,6:45,https://www.youtube.com/watch?v=35uRGPEoPf8
2,1,"DRŽAVNI POSAO [HQ] - Novogodišnji specijal, 3. deo (31.12.2012.)",,,31.12.2012.,5:38,https://www.youtube.com/watch?v=_GPrsTkpuaw
3,1,"DRŽAVNI POSAO [HQ] - Novogodišnji specijal, 4.deo (31.12.2012.)",,,31.12.2012.,6:29,https://www.youtube.com/watch?v=jKWu3xQ6otg
4,1,"DRŽAVNI POSAO [HQ] - Novogodišnji specijal, 5.deo (31.12.2012.)",,,31.12.2012.,7:35,https://www.youtube.com/watch?v=HKgGwX1QK0Q
5,1,DRŽAVNI POSAO - atmosfera sa snimanja,,,,2:40,https://www.youtube.com/watch?v=RELFHGJKfZc
6,1,"Državni posao"" na TV, internetu, u autobusu...",,,,1:39,https://www.youtube.com/watch?v=i8Llm2ATqYY
7,1,"Žalbeno odeljenje"" po gradovima Vojvodine",,,,1:24,https://www.youtube.com/watch?v=2fVhRGI4LC4
8,1,DRŽAVNI POSAO - proslava jubileja,,,,4:53,https://www.youtube.com/watch?v=udeiNv2qAi4
9,1,"Državni posao"" mamac za publiku",,,,1:41,https://www.youtube.com/watch?v=RmnxqlsHWyE
10,1,"Državni posao"" u Gradskoj biblioteci",,,,1:28,https://www.youtube.com/watch?v=Wnni4zTQKAY
11,1,DRŽAVNI POSAO u Akademcu | 22.06.2013.,,,,25:37,https://www.youtube.com/watch?v=hKS1UwR9gtk
12,2,"DRŽAVNI POSAO - gotovo, nema više",,,,1:23,https://www.youtube.com/watch?v=2hGD8IaehOo
13,2,DRŽAVNI POSAO [HQ] - Najbolji momenti (30.12.2013.),,,30.12.2013.,7:49,https://www.youtube.com/watch?v=h8zuBkMAi_o
14,2,DRŽAVNI POSAO [HQ] - Specijal (01.01.2014.),,,01.01.2014.,9:57,https://www.youtube.com/watch?v=TvdSNY_Zn6k
15,2,DRŽAVNI POSAO [HQ] - Masoni specijal (02.01.2014.),,,02.01.2014.,6:23,https://www.youtube.com/watch?v=5hReCydMHTw
16,2,Da li je Torbica deaktivirao bombu?,,,,2:04,https://www.youtube.com/watch?v=AkYJog4udnw
17,2,Državni posao - emisija Nemontirano (najava 3. sezone),,,najava 3. sezone,4:55,https://www.youtube.com/watch?v=9mP1xiVFL7s
18,3,DRŽAVNI POSAO [HQ] - Novogodišnji specijal (31.12.2014.),,,31.12.2014.,50:25,https://www.youtube.com/watch?v=ZuiPqBZN5xE
19,3,DRŽAVNI POSAO [najava] - predstava u Beogradu (17. i 18.03.2015.),,,17. i 18.03.2015.,0:37,https://www.youtube.com/watch?v=uCVCYM5fzkE
20,3,DRŽAVNI POSAO 4 | od 21.09.2015.,,,,0:58,https://www.youtube.com/watch?v=70bX3gebqYo
21,3,DRŽAVNI POSAO 4 | od 21.09.2015.,,,,0:42,https://www.youtube.com/watch?v=s6YlJjwZYpM
22,4,SLUČAJ GAJDOBRA,,,,1:07,https://www.youtube.com/watch?v=y_1Zl3pU4Bg
23,4,DRŽAVNI POSAO [HQ] - Novogodišnji specijal (31.12.2015.),,,31.12.2015.,1:07:37,https://www.youtube.com/watch?v=s5JLf5SXPWo
24,4,DRŽAVNI POSAO - Obaveštenje (26.04.2016.),,,26.04.2016.,1:01,https://www.youtube.com/watch?v=_BdayrjWyck
25,4,DRŽAVNI POSAO - sezona 5,,,,0:18,https://www.youtube.com/watch?v=EDC5VkFiJ6A
26,4,DRŽAVNI POSAO - sezona 5,,,,0:34,https://www.youtube.com/watch?v=ZO1S-zxDLs0
27,4,DRŽAVNI POSAO - sezona 5,,,,0:39,https://www.youtube.com/watch?v=q_FgGeS4tzA
28,5,DRŽAVNI POSAO [HQ] - Novogodišnji specijal (01.01.2017.),,,01.01.2017.,39:19,https://www.youtube.com/watch?v=qLlZGdVBw00
29,5,"S poštovanjem, mi smo Vaš RTV: Stojče Stoleski",,,,0:43,https://www.youtube.com/watch?v=1LlYgbGa3ro
30,5,"S poštovanjem, mi smo Vaš RTV: Dejan Ćirjaković - ""Boškić",,,,0:36,https://www.youtube.com/watch?v=HgSEg6d4MxY
31,5,"S poštovanjem, mi smo Vaš RTV: Nikola Škorić - ""Dragan Torbica",,,,0:46,https://www.youtube.com/watch?v=vzvlASC5KCA
32,5,"S poštovanjem, mi smo Vaš RTV: Dimitrije Banjac - ""Đorđe Čvarkov",,,,0:43,https://www.youtube.com/watch?v=ngsj-dPaezA
33,6,DUBIOZA KOLEKTIV ft. Dragan Torbica - Pionirska,,,,4:09,https://www.youtube.com/watch?v=BlNMCmy0QLs
34,6,DRŽAVNI POSAO [HQ] - Novogodišnji specijal (31.12.2017.),,,31.12.2017.,47:17,https://www.youtube.com/watch?v=gjo5mM6badg
35,6,BOSSKICH FEAT. BISHKE FEAT. DJ TUTEVSKI – RATNIK LJUBAVI,,,,3:36,https://www.youtube.com/watch?v=lEUNqJ6PVJk
36,7,DRŽAVNI POSAO [HQ] - Novogodišnji specijal (31.12.2018.),,,31.12.2018.,37:02,https://www.youtube.com/watch?v=Hve7X40t2Mk
37,8,DRŽAVNI POSAO [HQ] - Novogodišnji specijal (31.12.2019.),,,31.12.2019.,39:54,https://www.youtube.com/watch?v=t5xvmz1MeWY
38,9,DRŽAVNI POSAO [HQ] - Novogodišnji specijal (31.12.2020.),,,31.12.2020.,42:12,https://www.youtube.com/watch?v=d86Tj-kDLG8
39,10,DRŽAVNI POSAO [HQ] - Novogodišnji specijal (31.12.2021.),,,31.12.2021.,30:38,https://www.youtube.com/watch?v=kDiJbd_GqH4
40,11,DRŽAVNI POSAO [HQ] - Novogodišnji specijal (01.01.2023.),,,01.01.2023.,38:58,https://www.youtube.com/watch?v=My1MT4s21S4
